parteien,votes,shorttitle,longtitle
FDP,4,Abschaffung der Hundesteuer,Darmstadt sollte die Hundesteuer abschaffen. 
Linke,3,Abschaffung der Hundesteuer,Darmstadt sollte die Hundesteuer abschaffen. 
CDU,1,Abschaffung der Hundesteuer,Darmstadt sollte die Hundesteuer abschaffen. 
Tierschutzpartei,3,Abschaffung der Hundesteuer,Darmstadt sollte die Hundesteuer abschaffen. 
DaGe,4,Abschaffung der Hundesteuer,Darmstadt sollte die Hundesteuer abschaffen. 
Die Partei,5,Abschaffung der Hundesteuer,Darmstadt sollte die Hundesteuer abschaffen. 
SfD,1,Abschaffung der Hundesteuer,Darmstadt sollte die Hundesteuer abschaffen. 
Die Grünen,1,Abschaffung der Hundesteuer,Darmstadt sollte die Hundesteuer abschaffen. 
AfD,5,Abschaffung der Hundesteuer,Darmstadt sollte die Hundesteuer abschaffen. 
SPD,1,Abschaffung der Hundesteuer,Darmstadt sollte die Hundesteuer abschaffen. 
BSW,1,Abschaffung der Hundesteuer,Darmstadt sollte die Hundesteuer abschaffen. 
UFFBASSE,3,Abschaffung der Hundesteuer,Darmstadt sollte die Hundesteuer abschaffen. 
Volt,3,Abschaffung der Hundesteuer,Darmstadt sollte die Hundesteuer abschaffen. 
WGD,2,Abschaffung der Hundesteuer,Darmstadt sollte die Hundesteuer abschaffen. 
Freie Wähler,2,Abschaffung der Hundesteuer,Darmstadt sollte die Hundesteuer abschaffen. 
FDP,5,Abschaffung der Umweltzone,Darmstadt sollte die Umweltzone für Autos abschaffen. 
Linke,1,Abschaffung der Umweltzone,Darmstadt sollte die Umweltzone für Autos abschaffen. 
CDU,2,Abschaffung der Umweltzone,Darmstadt sollte die Umweltzone für Autos abschaffen. 
Tierschutzpartei,2,Abschaffung der Umweltzone,Darmstadt sollte die Umweltzone für Autos abschaffen. 
DaGe,1,Abschaffung der Umweltzone,Darmstadt sollte die Umweltzone für Autos abschaffen. 
Die Partei,1,Abschaffung der Umweltzone,Darmstadt sollte die Umweltzone für Autos abschaffen. 
SfD,2,Abschaffung der Umweltzone,Darmstadt sollte die Umweltzone für Autos abschaffen. 
Die Grünen,1,Abschaffung der Umweltzone,Darmstadt sollte die Umweltzone für Autos abschaffen. 
AfD,5,Abschaffung der Umweltzone,Darmstadt sollte die Umweltzone für Autos abschaffen. 
SPD,3,Abschaffung der Umweltzone,Darmstadt sollte die Umweltzone für Autos abschaffen. 
BSW,1,Abschaffung der Umweltzone,Darmstadt sollte die Umweltzone für Autos abschaffen. 
UFFBASSE,2,Abschaffung der Umweltzone,Darmstadt sollte die Umweltzone für Autos abschaffen. 
Volt,1,Abschaffung der Umweltzone,Darmstadt sollte die Umweltzone für Autos abschaffen. 
WGD,2,Abschaffung der Umweltzone,Darmstadt sollte die Umweltzone für Autos abschaffen. 
Freie Wähler,2,Abschaffung der Umweltzone,Darmstadt sollte die Umweltzone für Autos abschaffen. 
FDP,4,Angebote für Wohnungslose,Für wohnungslose Menschen sollte es in Darmstadt zusätzliche Anlaufstellen geben. 
Linke,5,Angebote für Wohnungslose,Für wohnungslose Menschen sollte es in Darmstadt zusätzliche Anlaufstellen geben. 
CDU,2,Angebote für Wohnungslose,Für wohnungslose Menschen sollte es in Darmstadt zusätzliche Anlaufstellen geben. 
Tierschutzpartei,5,Angebote für Wohnungslose,Für wohnungslose Menschen sollte es in Darmstadt zusätzliche Anlaufstellen geben. 
DaGe,5,Angebote für Wohnungslose,Für wohnungslose Menschen sollte es in Darmstadt zusätzliche Anlaufstellen geben. 
Die Partei,5,Angebote für Wohnungslose,Für wohnungslose Menschen sollte es in Darmstadt zusätzliche Anlaufstellen geben. 
SfD,5,Angebote für Wohnungslose,Für wohnungslose Menschen sollte es in Darmstadt zusätzliche Anlaufstellen geben. 
Die Grünen,4,Angebote für Wohnungslose,Für wohnungslose Menschen sollte es in Darmstadt zusätzliche Anlaufstellen geben. 
AfD,5,Angebote für Wohnungslose,Für wohnungslose Menschen sollte es in Darmstadt zusätzliche Anlaufstellen geben. 
SPD,4,Angebote für Wohnungslose,Für wohnungslose Menschen sollte es in Darmstadt zusätzliche Anlaufstellen geben. 
BSW,5,Angebote für Wohnungslose,Für wohnungslose Menschen sollte es in Darmstadt zusätzliche Anlaufstellen geben. 
UFFBASSE,5,Angebote für Wohnungslose,Für wohnungslose Menschen sollte es in Darmstadt zusätzliche Anlaufstellen geben. 
Volt,5,Angebote für Wohnungslose,Für wohnungslose Menschen sollte es in Darmstadt zusätzliche Anlaufstellen geben. 
WGD,4,Angebote für Wohnungslose,Für wohnungslose Menschen sollte es in Darmstadt zusätzliche Anlaufstellen geben. 
Freie Wähler,5,Angebote für Wohnungslose,Für wohnungslose Menschen sollte es in Darmstadt zusätzliche Anlaufstellen geben. 
FDP,5,Anwerbung von Fachkräften,Darmstadt sollte sich stärker um die Anwerbung von Fachkräften bemühen. 
Linke,3,Anwerbung von Fachkräften,Darmstadt sollte sich stärker um die Anwerbung von Fachkräften bemühen. 
CDU,5,Anwerbung von Fachkräften,Darmstadt sollte sich stärker um die Anwerbung von Fachkräften bemühen. 
Tierschutzpartei,3,Anwerbung von Fachkräften,Darmstadt sollte sich stärker um die Anwerbung von Fachkräften bemühen. 
DaGe,5,Anwerbung von Fachkräften,Darmstadt sollte sich stärker um die Anwerbung von Fachkräften bemühen. 
Die Partei,1,Anwerbung von Fachkräften,Darmstadt sollte sich stärker um die Anwerbung von Fachkräften bemühen. 
SfD,5,Anwerbung von Fachkräften,Darmstadt sollte sich stärker um die Anwerbung von Fachkräften bemühen. 
Die Grünen,5,Anwerbung von Fachkräften,Darmstadt sollte sich stärker um die Anwerbung von Fachkräften bemühen. 
AfD,1,Anwerbung von Fachkräften,Darmstadt sollte sich stärker um die Anwerbung von Fachkräften bemühen. 
SPD,4,Anwerbung von Fachkräften,Darmstadt sollte sich stärker um die Anwerbung von Fachkräften bemühen. 
BSW,5,Anwerbung von Fachkräften,Darmstadt sollte sich stärker um die Anwerbung von Fachkräften bemühen. 
UFFBASSE,4,Anwerbung von Fachkräften,Darmstadt sollte sich stärker um die Anwerbung von Fachkräften bemühen. 
Volt,5,Anwerbung von Fachkräften,Darmstadt sollte sich stärker um die Anwerbung von Fachkräften bemühen. 
WGD,4,Anwerbung von Fachkräften,Darmstadt sollte sich stärker um die Anwerbung von Fachkräften bemühen. 
Freie Wähler,3,Anwerbung von Fachkräften,Darmstadt sollte sich stärker um die Anwerbung von Fachkräften bemühen. 
FDP,2,Aufnahme von Geflüchteten,Darmstadt sollte zusätzliche Geflüchtete aufnehmen. 
Linke,5,Aufnahme von Geflüchteten,Darmstadt sollte zusätzliche Geflüchtete aufnehmen. 
CDU,1,Aufnahme von Geflüchteten,Darmstadt sollte zusätzliche Geflüchtete aufnehmen. 
Tierschutzpartei,5,Aufnahme von Geflüchteten,Darmstadt sollte zusätzliche Geflüchtete aufnehmen. 
DaGe,4,Aufnahme von Geflüchteten,Darmstadt sollte zusätzliche Geflüchtete aufnehmen. 
Die Partei,5,Aufnahme von Geflüchteten,Darmstadt sollte zusätzliche Geflüchtete aufnehmen. 
SfD,4,Aufnahme von Geflüchteten,Darmstadt sollte zusätzliche Geflüchtete aufnehmen. 
Die Grünen,4,Aufnahme von Geflüchteten,Darmstadt sollte zusätzliche Geflüchtete aufnehmen. 
AfD,1,Aufnahme von Geflüchteten,Darmstadt sollte zusätzliche Geflüchtete aufnehmen. 
SPD,3,Aufnahme von Geflüchteten,Darmstadt sollte zusätzliche Geflüchtete aufnehmen. 
BSW,2,Aufnahme von Geflüchteten,Darmstadt sollte zusätzliche Geflüchtete aufnehmen. 
UFFBASSE,3,Aufnahme von Geflüchteten,Darmstadt sollte zusätzliche Geflüchtete aufnehmen. 
Volt,5,Aufnahme von Geflüchteten,Darmstadt sollte zusätzliche Geflüchtete aufnehmen. 
WGD,3,Aufnahme von Geflüchteten,Darmstadt sollte zusätzliche Geflüchtete aufnehmen. 
Freie Wähler,2,Aufnahme von Geflüchteten,Darmstadt sollte zusätzliche Geflüchtete aufnehmen. 
FDP,2,Autofreie Zonen,In Darmstadt sollte es mehr autofreie Zonen geben. 
Linke,5,Autofreie Zonen,In Darmstadt sollte es mehr autofreie Zonen geben. 
CDU,1,Autofreie Zonen,In Darmstadt sollte es mehr autofreie Zonen geben. 
Tierschutzpartei,5,Autofreie Zonen,In Darmstadt sollte es mehr autofreie Zonen geben. 
DaGe,5,Autofreie Zonen,In Darmstadt sollte es mehr autofreie Zonen geben. 
Die Partei,5,Autofreie Zonen,In Darmstadt sollte es mehr autofreie Zonen geben. 
SfD,2,Autofreie Zonen,In Darmstadt sollte es mehr autofreie Zonen geben. 
Die Grünen,5,Autofreie Zonen,In Darmstadt sollte es mehr autofreie Zonen geben. 
AfD,1,Autofreie Zonen,In Darmstadt sollte es mehr autofreie Zonen geben. 
SPD,3,Autofreie Zonen,In Darmstadt sollte es mehr autofreie Zonen geben. 
BSW,1,Autofreie Zonen,In Darmstadt sollte es mehr autofreie Zonen geben. 
UFFBASSE,3,Autofreie Zonen,In Darmstadt sollte es mehr autofreie Zonen geben. 
Volt,5,Autofreie Zonen,In Darmstadt sollte es mehr autofreie Zonen geben. 
WGD,3,Autofreie Zonen,In Darmstadt sollte es mehr autofreie Zonen geben. 
Freie Wähler,4,Autofreie Zonen,In Darmstadt sollte es mehr autofreie Zonen geben. 
FDP,5,Bau von Einfamilienhäusern,In Darmstadt sollten mehr Einfamilienhäuser entstehen. 
Linke,1,Bau von Einfamilienhäusern,In Darmstadt sollten mehr Einfamilienhäuser entstehen. 
CDU,5,Bau von Einfamilienhäusern,In Darmstadt sollten mehr Einfamilienhäuser entstehen. 
Tierschutzpartei,1,Bau von Einfamilienhäusern,In Darmstadt sollten mehr Einfamilienhäuser entstehen. 
DaGe,2,Bau von Einfamilienhäusern,In Darmstadt sollten mehr Einfamilienhäuser entstehen. 
Die Partei,1,Bau von Einfamilienhäusern,In Darmstadt sollten mehr Einfamilienhäuser entstehen. 
SfD,3,Bau von Einfamilienhäusern,In Darmstadt sollten mehr Einfamilienhäuser entstehen. 
Die Grünen,2,Bau von Einfamilienhäusern,In Darmstadt sollten mehr Einfamilienhäuser entstehen. 
AfD,5,Bau von Einfamilienhäusern,In Darmstadt sollten mehr Einfamilienhäuser entstehen. 
SPD,3,Bau von Einfamilienhäusern,In Darmstadt sollten mehr Einfamilienhäuser entstehen. 
BSW,1,Bau von Einfamilienhäusern,In Darmstadt sollten mehr Einfamilienhäuser entstehen. 
UFFBASSE,2,Bau von Einfamilienhäusern,In Darmstadt sollten mehr Einfamilienhäuser entstehen. 
Volt,2,Bau von Einfamilienhäusern,In Darmstadt sollten mehr Einfamilienhäuser entstehen. 
WGD,3,Bau von Einfamilienhäusern,In Darmstadt sollten mehr Einfamilienhäuser entstehen. 
Freie Wähler,3,Bau von Einfamilienhäusern,In Darmstadt sollten mehr Einfamilienhäuser entstehen. 
FDP,3,Bau von Moscheen,Muslimische Gebetsräume bzw. Moscheen sollten keine prominenten Plätze im Stadtbild einnehmen. 
Linke,1,Bau von Moscheen,Muslimische Gebetsräume bzw. Moscheen sollten keine prominenten Plätze im Stadtbild einnehmen. 
CDU,3,Bau von Moscheen,Muslimische Gebetsräume bzw. Moscheen sollten keine prominenten Plätze im Stadtbild einnehmen. 
Tierschutzpartei,2,Bau von Moscheen,Muslimische Gebetsräume bzw. Moscheen sollten keine prominenten Plätze im Stadtbild einnehmen. 
DaGe,2,Bau von Moscheen,Muslimische Gebetsräume bzw. Moscheen sollten keine prominenten Plätze im Stadtbild einnehmen. 
Die Partei,3,Bau von Moscheen,Muslimische Gebetsräume bzw. Moscheen sollten keine prominenten Plätze im Stadtbild einnehmen. 
SfD,1,Bau von Moscheen,Muslimische Gebetsräume bzw. Moscheen sollten keine prominenten Plätze im Stadtbild einnehmen. 
Die Grünen,1,Bau von Moscheen,Muslimische Gebetsräume bzw. Moscheen sollten keine prominenten Plätze im Stadtbild einnehmen. 
AfD,5,Bau von Moscheen,Muslimische Gebetsräume bzw. Moscheen sollten keine prominenten Plätze im Stadtbild einnehmen. 
SPD,1,Bau von Moscheen,Muslimische Gebetsräume bzw. Moscheen sollten keine prominenten Plätze im Stadtbild einnehmen. 
BSW,3,Bau von Moscheen,Muslimische Gebetsräume bzw. Moscheen sollten keine prominenten Plätze im Stadtbild einnehmen. 
UFFBASSE,1,Bau von Moscheen,Muslimische Gebetsräume bzw. Moscheen sollten keine prominenten Plätze im Stadtbild einnehmen. 
Volt,1,Bau von Moscheen,Muslimische Gebetsräume bzw. Moscheen sollten keine prominenten Plätze im Stadtbild einnehmen. 
WGD,3,Bau von Moscheen,Muslimische Gebetsräume bzw. Moscheen sollten keine prominenten Plätze im Stadtbild einnehmen. 
Freie Wähler,4,Bau von Moscheen,Muslimische Gebetsräume bzw. Moscheen sollten keine prominenten Plätze im Stadtbild einnehmen. 
FDP,3,Begrenzung Einwohnerzahl,Darmstadt sollte nicht noch mehr Einwohner bekommen. 
Linke,3,Begrenzung Einwohnerzahl,Darmstadt sollte nicht noch mehr Einwohner bekommen. 
CDU,4,Begrenzung Einwohnerzahl,Darmstadt sollte nicht noch mehr Einwohner bekommen. 
Tierschutzpartei,2,Begrenzung Einwohnerzahl,Darmstadt sollte nicht noch mehr Einwohner bekommen. 
DaGe,3,Begrenzung Einwohnerzahl,Darmstadt sollte nicht noch mehr Einwohner bekommen. 
Die Partei,1,Begrenzung Einwohnerzahl,Darmstadt sollte nicht noch mehr Einwohner bekommen. 
SfD,1,Begrenzung Einwohnerzahl,Darmstadt sollte nicht noch mehr Einwohner bekommen. 
Die Grünen,1,Begrenzung Einwohnerzahl,Darmstadt sollte nicht noch mehr Einwohner bekommen. 
AfD,5,Begrenzung Einwohnerzahl,Darmstadt sollte nicht noch mehr Einwohner bekommen. 
SPD,2,Begrenzung Einwohnerzahl,Darmstadt sollte nicht noch mehr Einwohner bekommen. 
BSW,5,Begrenzung Einwohnerzahl,Darmstadt sollte nicht noch mehr Einwohner bekommen. 
UFFBASSE,3,Begrenzung Einwohnerzahl,Darmstadt sollte nicht noch mehr Einwohner bekommen. 
Volt,2,Begrenzung Einwohnerzahl,Darmstadt sollte nicht noch mehr Einwohner bekommen. 
WGD,3,Begrenzung Einwohnerzahl,Darmstadt sollte nicht noch mehr Einwohner bekommen. 
Freie Wähler,5,Begrenzung Einwohnerzahl,Darmstadt sollte nicht noch mehr Einwohner bekommen. 
FDP,2,Begrenzung von Parkraumbewirtschaftung,Darmstadt sollte noch mehr Parkflächen für Autos kostenpflichtig machen. 
Linke,5,Begrenzung von Parkraumbewirtschaftung,Darmstadt sollte noch mehr Parkflächen für Autos kostenpflichtig machen. 
CDU,3,Begrenzung von Parkraumbewirtschaftung,Darmstadt sollte noch mehr Parkflächen für Autos kostenpflichtig machen. 
Tierschutzpartei,5,Begrenzung von Parkraumbewirtschaftung,Darmstadt sollte noch mehr Parkflächen für Autos kostenpflichtig machen. 
DaGe,4,Begrenzung von Parkraumbewirtschaftung,Darmstadt sollte noch mehr Parkflächen für Autos kostenpflichtig machen. 
Die Partei,5,Begrenzung von Parkraumbewirtschaftung,Darmstadt sollte noch mehr Parkflächen für Autos kostenpflichtig machen. 
SfD,1,Begrenzung von Parkraumbewirtschaftung,Darmstadt sollte noch mehr Parkflächen für Autos kostenpflichtig machen. 
Die Grünen,4,Begrenzung von Parkraumbewirtschaftung,Darmstadt sollte noch mehr Parkflächen für Autos kostenpflichtig machen. 
AfD,1,Begrenzung von Parkraumbewirtschaftung,Darmstadt sollte noch mehr Parkflächen für Autos kostenpflichtig machen. 
SPD,3,Begrenzung von Parkraumbewirtschaftung,Darmstadt sollte noch mehr Parkflächen für Autos kostenpflichtig machen. 
BSW,1,Begrenzung von Parkraumbewirtschaftung,Darmstadt sollte noch mehr Parkflächen für Autos kostenpflichtig machen. 
UFFBASSE,4,Begrenzung von Parkraumbewirtschaftung,Darmstadt sollte noch mehr Parkflächen für Autos kostenpflichtig machen. 
Volt,5,Begrenzung von Parkraumbewirtschaftung,Darmstadt sollte noch mehr Parkflächen für Autos kostenpflichtig machen. 
WGD,3,Begrenzung von Parkraumbewirtschaftung,Darmstadt sollte noch mehr Parkflächen für Autos kostenpflichtig machen. 
Freie Wähler,1,Begrenzung von Parkraumbewirtschaftung,Darmstadt sollte noch mehr Parkflächen für Autos kostenpflichtig machen. 
FDP,3,direkte Demokratie in den Kommunen,In Darmstadt sollten mehr Entscheidungen direkt durch die Bürger getroffen werden. 
Linke,5,direkte Demokratie in den Kommunen,In Darmstadt sollten mehr Entscheidungen direkt durch die Bürger getroffen werden. 
CDU,1,direkte Demokratie in den Kommunen,In Darmstadt sollten mehr Entscheidungen direkt durch die Bürger getroffen werden. 
Tierschutzpartei,3,direkte Demokratie in den Kommunen,In Darmstadt sollten mehr Entscheidungen direkt durch die Bürger getroffen werden. 
DaGe,5,direkte Demokratie in den Kommunen,In Darmstadt sollten mehr Entscheidungen direkt durch die Bürger getroffen werden. 
Die Partei,5,direkte Demokratie in den Kommunen,In Darmstadt sollten mehr Entscheidungen direkt durch die Bürger getroffen werden. 
SfD,3,direkte Demokratie in den Kommunen,In Darmstadt sollten mehr Entscheidungen direkt durch die Bürger getroffen werden. 
Die Grünen,3,direkte Demokratie in den Kommunen,In Darmstadt sollten mehr Entscheidungen direkt durch die Bürger getroffen werden. 
AfD,5,direkte Demokratie in den Kommunen,In Darmstadt sollten mehr Entscheidungen direkt durch die Bürger getroffen werden. 
SPD,4,direkte Demokratie in den Kommunen,In Darmstadt sollten mehr Entscheidungen direkt durch die Bürger getroffen werden. 
BSW,5,direkte Demokratie in den Kommunen,In Darmstadt sollten mehr Entscheidungen direkt durch die Bürger getroffen werden. 
UFFBASSE,4,direkte Demokratie in den Kommunen,In Darmstadt sollten mehr Entscheidungen direkt durch die Bürger getroffen werden. 
Volt,5,direkte Demokratie in den Kommunen,In Darmstadt sollten mehr Entscheidungen direkt durch die Bürger getroffen werden. 
WGD,5,direkte Demokratie in den Kommunen,In Darmstadt sollten mehr Entscheidungen direkt durch die Bürger getroffen werden. 
Freie Wähler,5,direkte Demokratie in den Kommunen,In Darmstadt sollten mehr Entscheidungen direkt durch die Bürger getroffen werden. 
FDP,4,Eintrittspreise Nordbad,Das Nordbad sollte für Kinder und Jugendliche günstiger und in den Ferien kostenfrei sein. 
Linke,5,Eintrittspreise Nordbad,Das Nordbad sollte für Kinder und Jugendliche günstiger und in den Ferien kostenfrei sein. 
CDU,2,Eintrittspreise Nordbad,Das Nordbad sollte für Kinder und Jugendliche günstiger und in den Ferien kostenfrei sein. 
Tierschutzpartei,4,Eintrittspreise Nordbad,Das Nordbad sollte für Kinder und Jugendliche günstiger und in den Ferien kostenfrei sein. 
DaGe,5,Eintrittspreise Nordbad,Das Nordbad sollte für Kinder und Jugendliche günstiger und in den Ferien kostenfrei sein. 
Die Partei,5,Eintrittspreise Nordbad,Das Nordbad sollte für Kinder und Jugendliche günstiger und in den Ferien kostenfrei sein. 
SfD,4,Eintrittspreise Nordbad,Das Nordbad sollte für Kinder und Jugendliche günstiger und in den Ferien kostenfrei sein. 
Die Grünen,4,Eintrittspreise Nordbad,Das Nordbad sollte für Kinder und Jugendliche günstiger und in den Ferien kostenfrei sein. 
AfD,4,Eintrittspreise Nordbad,Das Nordbad sollte für Kinder und Jugendliche günstiger und in den Ferien kostenfrei sein. 
SPD,5,Eintrittspreise Nordbad,Das Nordbad sollte für Kinder und Jugendliche günstiger und in den Ferien kostenfrei sein. 
BSW,5,Eintrittspreise Nordbad,Das Nordbad sollte für Kinder und Jugendliche günstiger und in den Ferien kostenfrei sein. 
UFFBASSE,5,Eintrittspreise Nordbad,Das Nordbad sollte für Kinder und Jugendliche günstiger und in den Ferien kostenfrei sein. 
Volt,5,Eintrittspreise Nordbad,Das Nordbad sollte für Kinder und Jugendliche günstiger und in den Ferien kostenfrei sein. 
WGD,4,Eintrittspreise Nordbad,Das Nordbad sollte für Kinder und Jugendliche günstiger und in den Ferien kostenfrei sein. 
Freie Wähler,4,Eintrittspreise Nordbad,Das Nordbad sollte für Kinder und Jugendliche günstiger und in den Ferien kostenfrei sein. 
FDP,4,Europäische Integration,Die EU schränkt den Handlungsspielraum der Kommunen zu sehr ein. 
Linke,2,Europäische Integration,Die EU schränkt den Handlungsspielraum der Kommunen zu sehr ein. 
CDU,4,Europäische Integration,Die EU schränkt den Handlungsspielraum der Kommunen zu sehr ein. 
Tierschutzpartei,2,Europäische Integration,Die EU schränkt den Handlungsspielraum der Kommunen zu sehr ein. 
DaGe,3,Europäische Integration,Die EU schränkt den Handlungsspielraum der Kommunen zu sehr ein. 
Die Partei,1,Europäische Integration,Die EU schränkt den Handlungsspielraum der Kommunen zu sehr ein. 
SfD,5,Europäische Integration,Die EU schränkt den Handlungsspielraum der Kommunen zu sehr ein. 
Die Grünen,2,Europäische Integration,Die EU schränkt den Handlungsspielraum der Kommunen zu sehr ein. 
AfD,5,Europäische Integration,Die EU schränkt den Handlungsspielraum der Kommunen zu sehr ein. 
SPD,2,Europäische Integration,Die EU schränkt den Handlungsspielraum der Kommunen zu sehr ein. 
BSW,5,Europäische Integration,Die EU schränkt den Handlungsspielraum der Kommunen zu sehr ein. 
UFFBASSE,2,Europäische Integration,Die EU schränkt den Handlungsspielraum der Kommunen zu sehr ein. 
Volt,1,Europäische Integration,Die EU schränkt den Handlungsspielraum der Kommunen zu sehr ein. 
WGD,4,Europäische Integration,Die EU schränkt den Handlungsspielraum der Kommunen zu sehr ein. 
Freie Wähler,4,Europäische Integration,Die EU schränkt den Handlungsspielraum der Kommunen zu sehr ein. 
FDP,1,Fläche für Windkraft,Darmstadt sollte mehr Flächen für Windkraftanlagen ausweisen. 
Linke,5,Fläche für Windkraft,Darmstadt sollte mehr Flächen für Windkraftanlagen ausweisen. 
CDU,1,Fläche für Windkraft,Darmstadt sollte mehr Flächen für Windkraftanlagen ausweisen. 
Tierschutzpartei,5,Fläche für Windkraft,Darmstadt sollte mehr Flächen für Windkraftanlagen ausweisen. 
DaGe,4,Fläche für Windkraft,Darmstadt sollte mehr Flächen für Windkraftanlagen ausweisen. 
Die Partei,5,Fläche für Windkraft,Darmstadt sollte mehr Flächen für Windkraftanlagen ausweisen. 
SfD,1,Fläche für Windkraft,Darmstadt sollte mehr Flächen für Windkraftanlagen ausweisen. 
Die Grünen,3,Fläche für Windkraft,Darmstadt sollte mehr Flächen für Windkraftanlagen ausweisen. 
AfD,1,Fläche für Windkraft,Darmstadt sollte mehr Flächen für Windkraftanlagen ausweisen. 
SPD,1,Fläche für Windkraft,Darmstadt sollte mehr Flächen für Windkraftanlagen ausweisen. 
BSW,3,Fläche für Windkraft,Darmstadt sollte mehr Flächen für Windkraftanlagen ausweisen. 
UFFBASSE,2,Fläche für Windkraft,Darmstadt sollte mehr Flächen für Windkraftanlagen ausweisen. 
Volt,4,Fläche für Windkraft,Darmstadt sollte mehr Flächen für Windkraftanlagen ausweisen. 
WGD,4,Fläche für Windkraft,Darmstadt sollte mehr Flächen für Windkraftanlagen ausweisen. 
Freie Wähler,1,Fläche für Windkraft,Darmstadt sollte mehr Flächen für Windkraftanlagen ausweisen. 
FDP,1,gendergerechte Sprache,"Es ist wichtig, dass in allen offiziellen Dokumenten in Darmstadt gendergerechte Sprache genutzt wird. "
Linke,4,gendergerechte Sprache,"Es ist wichtig, dass in allen offiziellen Dokumenten in Darmstadt gendergerechte Sprache genutzt wird. "
CDU,1,gendergerechte Sprache,"Es ist wichtig, dass in allen offiziellen Dokumenten in Darmstadt gendergerechte Sprache genutzt wird. "
Tierschutzpartei,4,gendergerechte Sprache,"Es ist wichtig, dass in allen offiziellen Dokumenten in Darmstadt gendergerechte Sprache genutzt wird. "
DaGe,5,gendergerechte Sprache,"Es ist wichtig, dass in allen offiziellen Dokumenten in Darmstadt gendergerechte Sprache genutzt wird. "
Die Partei,3,gendergerechte Sprache,"Es ist wichtig, dass in allen offiziellen Dokumenten in Darmstadt gendergerechte Sprache genutzt wird. "
SfD,1,gendergerechte Sprache,"Es ist wichtig, dass in allen offiziellen Dokumenten in Darmstadt gendergerechte Sprache genutzt wird. "
Die Grünen,5,gendergerechte Sprache,"Es ist wichtig, dass in allen offiziellen Dokumenten in Darmstadt gendergerechte Sprache genutzt wird. "
AfD,1,gendergerechte Sprache,"Es ist wichtig, dass in allen offiziellen Dokumenten in Darmstadt gendergerechte Sprache genutzt wird. "
SPD,5,gendergerechte Sprache,"Es ist wichtig, dass in allen offiziellen Dokumenten in Darmstadt gendergerechte Sprache genutzt wird. "
BSW,4,gendergerechte Sprache,"Es ist wichtig, dass in allen offiziellen Dokumenten in Darmstadt gendergerechte Sprache genutzt wird. "
UFFBASSE,4,gendergerechte Sprache,"Es ist wichtig, dass in allen offiziellen Dokumenten in Darmstadt gendergerechte Sprache genutzt wird. "
Volt,5,gendergerechte Sprache,"Es ist wichtig, dass in allen offiziellen Dokumenten in Darmstadt gendergerechte Sprache genutzt wird. "
WGD,1,gendergerechte Sprache,"Es ist wichtig, dass in allen offiziellen Dokumenten in Darmstadt gendergerechte Sprache genutzt wird. "
Freie Wähler,1,gendergerechte Sprache,"Es ist wichtig, dass in allen offiziellen Dokumenten in Darmstadt gendergerechte Sprache genutzt wird. "
FDP,4,Gewerbesteuer,Die Gewerbesteuer für Unternehmen in Darmstadt sollte gesenkt werden. 
Linke,1,Gewerbesteuer,Die Gewerbesteuer für Unternehmen in Darmstadt sollte gesenkt werden. 
CDU,2,Gewerbesteuer,Die Gewerbesteuer für Unternehmen in Darmstadt sollte gesenkt werden. 
Tierschutzpartei,1,Gewerbesteuer,Die Gewerbesteuer für Unternehmen in Darmstadt sollte gesenkt werden. 
DaGe,2,Gewerbesteuer,Die Gewerbesteuer für Unternehmen in Darmstadt sollte gesenkt werden. 
Die Partei,3,Gewerbesteuer,Die Gewerbesteuer für Unternehmen in Darmstadt sollte gesenkt werden. 
SfD,4,Gewerbesteuer,Die Gewerbesteuer für Unternehmen in Darmstadt sollte gesenkt werden. 
Die Grünen,2,Gewerbesteuer,Die Gewerbesteuer für Unternehmen in Darmstadt sollte gesenkt werden. 
AfD,5,Gewerbesteuer,Die Gewerbesteuer für Unternehmen in Darmstadt sollte gesenkt werden. 
SPD,2,Gewerbesteuer,Die Gewerbesteuer für Unternehmen in Darmstadt sollte gesenkt werden. 
BSW,1,Gewerbesteuer,Die Gewerbesteuer für Unternehmen in Darmstadt sollte gesenkt werden. 
UFFBASSE,2,Gewerbesteuer,Die Gewerbesteuer für Unternehmen in Darmstadt sollte gesenkt werden. 
Volt,2,Gewerbesteuer,Die Gewerbesteuer für Unternehmen in Darmstadt sollte gesenkt werden. 
WGD,3,Gewerbesteuer,Die Gewerbesteuer für Unternehmen in Darmstadt sollte gesenkt werden. 
Freie Wähler,2,Gewerbesteuer,Die Gewerbesteuer für Unternehmen in Darmstadt sollte gesenkt werden. 
FDP,1,Infozentrum an der Mathildenhöhe,Darmstadt sollte auf den Bau des Infozentrums an der Mathildenhöhe verzichten. 
Linke,5,Infozentrum an der Mathildenhöhe,Darmstadt sollte auf den Bau des Infozentrums an der Mathildenhöhe verzichten. 
CDU,1,Infozentrum an der Mathildenhöhe,Darmstadt sollte auf den Bau des Infozentrums an der Mathildenhöhe verzichten. 
Tierschutzpartei,5,Infozentrum an der Mathildenhöhe,Darmstadt sollte auf den Bau des Infozentrums an der Mathildenhöhe verzichten. 
DaGe,5,Infozentrum an der Mathildenhöhe,Darmstadt sollte auf den Bau des Infozentrums an der Mathildenhöhe verzichten. 
Die Partei,5,Infozentrum an der Mathildenhöhe,Darmstadt sollte auf den Bau des Infozentrums an der Mathildenhöhe verzichten. 
SfD,5,Infozentrum an der Mathildenhöhe,Darmstadt sollte auf den Bau des Infozentrums an der Mathildenhöhe verzichten. 
Die Grünen,1,Infozentrum an der Mathildenhöhe,Darmstadt sollte auf den Bau des Infozentrums an der Mathildenhöhe verzichten. 
AfD,5,Infozentrum an der Mathildenhöhe,Darmstadt sollte auf den Bau des Infozentrums an der Mathildenhöhe verzichten. 
SPD,1,Infozentrum an der Mathildenhöhe,Darmstadt sollte auf den Bau des Infozentrums an der Mathildenhöhe verzichten. 
BSW,5,Infozentrum an der Mathildenhöhe,Darmstadt sollte auf den Bau des Infozentrums an der Mathildenhöhe verzichten. 
UFFBASSE,5,Infozentrum an der Mathildenhöhe,Darmstadt sollte auf den Bau des Infozentrums an der Mathildenhöhe verzichten. 
Volt,4,Infozentrum an der Mathildenhöhe,Darmstadt sollte auf den Bau des Infozentrums an der Mathildenhöhe verzichten. 
WGD,5,Infozentrum an der Mathildenhöhe,Darmstadt sollte auf den Bau des Infozentrums an der Mathildenhöhe verzichten. 
Freie Wähler,4,Infozentrum an der Mathildenhöhe,Darmstadt sollte auf den Bau des Infozentrums an der Mathildenhöhe verzichten. 
FDP,3,Infrastruktur für Radverkehr,Der Ausbau von Radwegen in Darmstadt sollte nicht zu Lasten des Autoverkehrs gehen. 
Linke,2,Infrastruktur für Radverkehr,Der Ausbau von Radwegen in Darmstadt sollte nicht zu Lasten des Autoverkehrs gehen. 
CDU,5,Infrastruktur für Radverkehr,Der Ausbau von Radwegen in Darmstadt sollte nicht zu Lasten des Autoverkehrs gehen. 
Tierschutzpartei,1,Infrastruktur für Radverkehr,Der Ausbau von Radwegen in Darmstadt sollte nicht zu Lasten des Autoverkehrs gehen. 
DaGe,3,Infrastruktur für Radverkehr,Der Ausbau von Radwegen in Darmstadt sollte nicht zu Lasten des Autoverkehrs gehen. 
Die Partei,1,Infrastruktur für Radverkehr,Der Ausbau von Radwegen in Darmstadt sollte nicht zu Lasten des Autoverkehrs gehen. 
SfD,3,Infrastruktur für Radverkehr,Der Ausbau von Radwegen in Darmstadt sollte nicht zu Lasten des Autoverkehrs gehen. 
Die Grünen,2,Infrastruktur für Radverkehr,Der Ausbau von Radwegen in Darmstadt sollte nicht zu Lasten des Autoverkehrs gehen. 
AfD,5,Infrastruktur für Radverkehr,Der Ausbau von Radwegen in Darmstadt sollte nicht zu Lasten des Autoverkehrs gehen. 
SPD,2,Infrastruktur für Radverkehr,Der Ausbau von Radwegen in Darmstadt sollte nicht zu Lasten des Autoverkehrs gehen. 
BSW,3,Infrastruktur für Radverkehr,Der Ausbau von Radwegen in Darmstadt sollte nicht zu Lasten des Autoverkehrs gehen. 
UFFBASSE,2,Infrastruktur für Radverkehr,Der Ausbau von Radwegen in Darmstadt sollte nicht zu Lasten des Autoverkehrs gehen. 
Volt,1,Infrastruktur für Radverkehr,Der Ausbau von Radwegen in Darmstadt sollte nicht zu Lasten des Autoverkehrs gehen. 
WGD,3,Infrastruktur für Radverkehr,Der Ausbau von Radwegen in Darmstadt sollte nicht zu Lasten des Autoverkehrs gehen. 
Freie Wähler,5,Infrastruktur für Radverkehr,Der Ausbau von Radwegen in Darmstadt sollte nicht zu Lasten des Autoverkehrs gehen. 
FDP,2,Inklusive Räumlichkeiten,In öffentlichen Einrichtungen sollte es auch für nicht-binäre Personen Toiletten geben. 
Linke,5,Inklusive Räumlichkeiten,In öffentlichen Einrichtungen sollte es auch für nicht-binäre Personen Toiletten geben. 
CDU,3,Inklusive Räumlichkeiten,In öffentlichen Einrichtungen sollte es auch für nicht-binäre Personen Toiletten geben. 
Tierschutzpartei,4,Inklusive Räumlichkeiten,In öffentlichen Einrichtungen sollte es auch für nicht-binäre Personen Toiletten geben. 
DaGe,5,Inklusive Räumlichkeiten,In öffentlichen Einrichtungen sollte es auch für nicht-binäre Personen Toiletten geben. 
Die Partei,5,Inklusive Räumlichkeiten,In öffentlichen Einrichtungen sollte es auch für nicht-binäre Personen Toiletten geben. 
SfD,3,Inklusive Räumlichkeiten,In öffentlichen Einrichtungen sollte es auch für nicht-binäre Personen Toiletten geben. 
Die Grünen,5,Inklusive Räumlichkeiten,In öffentlichen Einrichtungen sollte es auch für nicht-binäre Personen Toiletten geben. 
AfD,1,Inklusive Räumlichkeiten,In öffentlichen Einrichtungen sollte es auch für nicht-binäre Personen Toiletten geben. 
SPD,5,Inklusive Räumlichkeiten,In öffentlichen Einrichtungen sollte es auch für nicht-binäre Personen Toiletten geben. 
BSW,1,Inklusive Räumlichkeiten,In öffentlichen Einrichtungen sollte es auch für nicht-binäre Personen Toiletten geben. 
UFFBASSE,4,Inklusive Räumlichkeiten,In öffentlichen Einrichtungen sollte es auch für nicht-binäre Personen Toiletten geben. 
Volt,5,Inklusive Räumlichkeiten,In öffentlichen Einrichtungen sollte es auch für nicht-binäre Personen Toiletten geben. 
WGD,3,Inklusive Räumlichkeiten,In öffentlichen Einrichtungen sollte es auch für nicht-binäre Personen Toiletten geben. 
Freie Wähler,3,Inklusive Räumlichkeiten,In öffentlichen Einrichtungen sollte es auch für nicht-binäre Personen Toiletten geben. 
FDP,4,Kulturförderung,Kulturangebote sollen durch die Stadt Darmstadt stärker gefördert werden. 
Linke,5,Kulturförderung,Kulturangebote sollen durch die Stadt Darmstadt stärker gefördert werden. 
CDU,1,Kulturförderung,Kulturangebote sollen durch die Stadt Darmstadt stärker gefördert werden. 
Tierschutzpartei,4,Kulturförderung,Kulturangebote sollen durch die Stadt Darmstadt stärker gefördert werden. 
DaGe,5,Kulturförderung,Kulturangebote sollen durch die Stadt Darmstadt stärker gefördert werden. 
Die Partei,4,Kulturförderung,Kulturangebote sollen durch die Stadt Darmstadt stärker gefördert werden. 
SfD,5,Kulturförderung,Kulturangebote sollen durch die Stadt Darmstadt stärker gefördert werden. 
Die Grünen,5,Kulturförderung,Kulturangebote sollen durch die Stadt Darmstadt stärker gefördert werden. 
AfD,2,Kulturförderung,Kulturangebote sollen durch die Stadt Darmstadt stärker gefördert werden. 
SPD,4,Kulturförderung,Kulturangebote sollen durch die Stadt Darmstadt stärker gefördert werden. 
BSW,5,Kulturförderung,Kulturangebote sollen durch die Stadt Darmstadt stärker gefördert werden. 
UFFBASSE,3,Kulturförderung,Kulturangebote sollen durch die Stadt Darmstadt stärker gefördert werden. 
Volt,5,Kulturförderung,Kulturangebote sollen durch die Stadt Darmstadt stärker gefördert werden. 
WGD,4,Kulturförderung,Kulturangebote sollen durch die Stadt Darmstadt stärker gefördert werden. 
Freie Wähler,5,Kulturförderung,Kulturangebote sollen durch die Stadt Darmstadt stärker gefördert werden. 
FDP,4,Neubau der Rheinstraßenbrücke,Die Pläne zum Neubau der Rheinstraßenbrücke sind unverhältnismäßig. 
Linke,5,Neubau der Rheinstraßenbrücke,Die Pläne zum Neubau der Rheinstraßenbrücke sind unverhältnismäßig. 
CDU,1,Neubau der Rheinstraßenbrücke,Die Pläne zum Neubau der Rheinstraßenbrücke sind unverhältnismäßig. 
Tierschutzpartei,3,Neubau der Rheinstraßenbrücke,Die Pläne zum Neubau der Rheinstraßenbrücke sind unverhältnismäßig. 
DaGe,3,Neubau der Rheinstraßenbrücke,Die Pläne zum Neubau der Rheinstraßenbrücke sind unverhältnismäßig. 
Die Partei,5,Neubau der Rheinstraßenbrücke,Die Pläne zum Neubau der Rheinstraßenbrücke sind unverhältnismäßig. 
SfD,5,Neubau der Rheinstraßenbrücke,Die Pläne zum Neubau der Rheinstraßenbrücke sind unverhältnismäßig. 
Die Grünen,1,Neubau der Rheinstraßenbrücke,Die Pläne zum Neubau der Rheinstraßenbrücke sind unverhältnismäßig. 
AfD,1,Neubau der Rheinstraßenbrücke,Die Pläne zum Neubau der Rheinstraßenbrücke sind unverhältnismäßig. 
SPD,1,Neubau der Rheinstraßenbrücke,Die Pläne zum Neubau der Rheinstraßenbrücke sind unverhältnismäßig. 
BSW,3,Neubau der Rheinstraßenbrücke,Die Pläne zum Neubau der Rheinstraßenbrücke sind unverhältnismäßig. 
UFFBASSE,4,Neubau der Rheinstraßenbrücke,Die Pläne zum Neubau der Rheinstraßenbrücke sind unverhältnismäßig. 
Volt,1,Neubau der Rheinstraßenbrücke,Die Pläne zum Neubau der Rheinstraßenbrücke sind unverhältnismäßig. 
WGD,5,Neubau der Rheinstraßenbrücke,Die Pläne zum Neubau der Rheinstraßenbrücke sind unverhältnismäßig. 
Freie Wähler,3,Neubau der Rheinstraßenbrücke,Die Pläne zum Neubau der Rheinstraßenbrücke sind unverhältnismäßig. 
FDP,4,Nutzung des Messplatzes,Auf dem Messplatz sollte neben Wohnraum vor allem Gewerbe entstehen. 
Linke,2,Nutzung des Messplatzes,Auf dem Messplatz sollte neben Wohnraum vor allem Gewerbe entstehen. 
CDU,3,Nutzung des Messplatzes,Auf dem Messplatz sollte neben Wohnraum vor allem Gewerbe entstehen. 
Tierschutzpartei,2,Nutzung des Messplatzes,Auf dem Messplatz sollte neben Wohnraum vor allem Gewerbe entstehen. 
DaGe,2,Nutzung des Messplatzes,Auf dem Messplatz sollte neben Wohnraum vor allem Gewerbe entstehen. 
Die Partei,3,Nutzung des Messplatzes,Auf dem Messplatz sollte neben Wohnraum vor allem Gewerbe entstehen. 
SfD,5,Nutzung des Messplatzes,Auf dem Messplatz sollte neben Wohnraum vor allem Gewerbe entstehen. 
Die Grünen,2,Nutzung des Messplatzes,Auf dem Messplatz sollte neben Wohnraum vor allem Gewerbe entstehen. 
AfD,5,Nutzung des Messplatzes,Auf dem Messplatz sollte neben Wohnraum vor allem Gewerbe entstehen. 
SPD,5,Nutzung des Messplatzes,Auf dem Messplatz sollte neben Wohnraum vor allem Gewerbe entstehen. 
BSW,1,Nutzung des Messplatzes,Auf dem Messplatz sollte neben Wohnraum vor allem Gewerbe entstehen. 
UFFBASSE,2,Nutzung des Messplatzes,Auf dem Messplatz sollte neben Wohnraum vor allem Gewerbe entstehen. 
Volt,2,Nutzung des Messplatzes,Auf dem Messplatz sollte neben Wohnraum vor allem Gewerbe entstehen. 
WGD,3,Nutzung des Messplatzes,Auf dem Messplatz sollte neben Wohnraum vor allem Gewerbe entstehen. 
Freie Wähler,2,Nutzung des Messplatzes,Auf dem Messplatz sollte neben Wohnraum vor allem Gewerbe entstehen. 
FDP,1,Offenlegung des Darmbachs,Darmstadt sollte den Darmbach offenlegen. 
Linke,5,Offenlegung des Darmbachs,Darmstadt sollte den Darmbach offenlegen. 
CDU,3,Offenlegung des Darmbachs,Darmstadt sollte den Darmbach offenlegen. 
Tierschutzpartei,5,Offenlegung des Darmbachs,Darmstadt sollte den Darmbach offenlegen. 
DaGe,5,Offenlegung des Darmbachs,Darmstadt sollte den Darmbach offenlegen. 
Die Partei,5,Offenlegung des Darmbachs,Darmstadt sollte den Darmbach offenlegen. 
SfD,3,Offenlegung des Darmbachs,Darmstadt sollte den Darmbach offenlegen. 
Die Grünen,5,Offenlegung des Darmbachs,Darmstadt sollte den Darmbach offenlegen. 
AfD,1,Offenlegung des Darmbachs,Darmstadt sollte den Darmbach offenlegen. 
SPD,3,Offenlegung des Darmbachs,Darmstadt sollte den Darmbach offenlegen. 
BSW,1,Offenlegung des Darmbachs,Darmstadt sollte den Darmbach offenlegen. 
UFFBASSE,1,Offenlegung des Darmbachs,Darmstadt sollte den Darmbach offenlegen. 
Volt,5,Offenlegung des Darmbachs,Darmstadt sollte den Darmbach offenlegen. 
WGD,4,Offenlegung des Darmbachs,Darmstadt sollte den Darmbach offenlegen. 
Freie Wähler,3,Offenlegung des Darmbachs,Darmstadt sollte den Darmbach offenlegen. 
FDP,5,ÖPNV-Anbindung des Ludwigshöhviertels,Die Straßenbahnführung durchs Ludwigshöhviertel und das Gleisdreieck Cooperstraße ist sinnvoll. 
Linke,5,ÖPNV-Anbindung des Ludwigshöhviertels,Die Straßenbahnführung durchs Ludwigshöhviertel und das Gleisdreieck Cooperstraße ist sinnvoll. 
CDU,5,ÖPNV-Anbindung des Ludwigshöhviertels,Die Straßenbahnführung durchs Ludwigshöhviertel und das Gleisdreieck Cooperstraße ist sinnvoll. 
Tierschutzpartei,5,ÖPNV-Anbindung des Ludwigshöhviertels,Die Straßenbahnführung durchs Ludwigshöhviertel und das Gleisdreieck Cooperstraße ist sinnvoll. 
DaGe,5,ÖPNV-Anbindung des Ludwigshöhviertels,Die Straßenbahnführung durchs Ludwigshöhviertel und das Gleisdreieck Cooperstraße ist sinnvoll. 
Die Partei,4,ÖPNV-Anbindung des Ludwigshöhviertels,Die Straßenbahnführung durchs Ludwigshöhviertel und das Gleisdreieck Cooperstraße ist sinnvoll. 
SfD,1,ÖPNV-Anbindung des Ludwigshöhviertels,Die Straßenbahnführung durchs Ludwigshöhviertel und das Gleisdreieck Cooperstraße ist sinnvoll. 
Die Grünen,5,ÖPNV-Anbindung des Ludwigshöhviertels,Die Straßenbahnführung durchs Ludwigshöhviertel und das Gleisdreieck Cooperstraße ist sinnvoll. 
AfD,1,ÖPNV-Anbindung des Ludwigshöhviertels,Die Straßenbahnführung durchs Ludwigshöhviertel und das Gleisdreieck Cooperstraße ist sinnvoll. 
SPD,4,ÖPNV-Anbindung des Ludwigshöhviertels,Die Straßenbahnführung durchs Ludwigshöhviertel und das Gleisdreieck Cooperstraße ist sinnvoll. 
BSW,1,ÖPNV-Anbindung des Ludwigshöhviertels,Die Straßenbahnführung durchs Ludwigshöhviertel und das Gleisdreieck Cooperstraße ist sinnvoll. 
UFFBASSE,2,ÖPNV-Anbindung des Ludwigshöhviertels,Die Straßenbahnführung durchs Ludwigshöhviertel und das Gleisdreieck Cooperstraße ist sinnvoll. 
Volt,5,ÖPNV-Anbindung des Ludwigshöhviertels,Die Straßenbahnführung durchs Ludwigshöhviertel und das Gleisdreieck Cooperstraße ist sinnvoll. 
WGD,1,ÖPNV-Anbindung des Ludwigshöhviertels,Die Straßenbahnführung durchs Ludwigshöhviertel und das Gleisdreieck Cooperstraße ist sinnvoll. 
Freie Wähler,1,ÖPNV-Anbindung des Ludwigshöhviertels,Die Straßenbahnführung durchs Ludwigshöhviertel und das Gleisdreieck Cooperstraße ist sinnvoll. 
FDP,2,Paritätische Besetzung von Führungspositionen,Bei Führungspositionen in der öffentlichen Verwaltung und den kommunalen Unternehmen von Darmstadt sollte es eine paritätische Besetzung der Geschlechter geben. 
Linke,5,Paritätische Besetzung von Führungspositionen,Bei Führungspositionen in der öffentlichen Verwaltung und den kommunalen Unternehmen von Darmstadt sollte es eine paritätische Besetzung der Geschlechter geben. 
CDU,1,Paritätische Besetzung von Führungspositionen,Bei Führungspositionen in der öffentlichen Verwaltung und den kommunalen Unternehmen von Darmstadt sollte es eine paritätische Besetzung der Geschlechter geben. 
Tierschutzpartei,4,Paritätische Besetzung von Führungspositionen,Bei Führungspositionen in der öffentlichen Verwaltung und den kommunalen Unternehmen von Darmstadt sollte es eine paritätische Besetzung der Geschlechter geben. 
DaGe,5,Paritätische Besetzung von Führungspositionen,Bei Führungspositionen in der öffentlichen Verwaltung und den kommunalen Unternehmen von Darmstadt sollte es eine paritätische Besetzung der Geschlechter geben. 
Die Partei,5,Paritätische Besetzung von Führungspositionen,Bei Führungspositionen in der öffentlichen Verwaltung und den kommunalen Unternehmen von Darmstadt sollte es eine paritätische Besetzung der Geschlechter geben. 
SfD,3,Paritätische Besetzung von Führungspositionen,Bei Führungspositionen in der öffentlichen Verwaltung und den kommunalen Unternehmen von Darmstadt sollte es eine paritätische Besetzung der Geschlechter geben. 
Die Grünen,5,Paritätische Besetzung von Führungspositionen,Bei Führungspositionen in der öffentlichen Verwaltung und den kommunalen Unternehmen von Darmstadt sollte es eine paritätische Besetzung der Geschlechter geben. 
AfD,1,Paritätische Besetzung von Führungspositionen,Bei Führungspositionen in der öffentlichen Verwaltung und den kommunalen Unternehmen von Darmstadt sollte es eine paritätische Besetzung der Geschlechter geben. 
SPD,5,Paritätische Besetzung von Führungspositionen,Bei Führungspositionen in der öffentlichen Verwaltung und den kommunalen Unternehmen von Darmstadt sollte es eine paritätische Besetzung der Geschlechter geben. 
BSW,3,Paritätische Besetzung von Führungspositionen,Bei Führungspositionen in der öffentlichen Verwaltung und den kommunalen Unternehmen von Darmstadt sollte es eine paritätische Besetzung der Geschlechter geben. 
UFFBASSE,4,Paritätische Besetzung von Führungspositionen,Bei Führungspositionen in der öffentlichen Verwaltung und den kommunalen Unternehmen von Darmstadt sollte es eine paritätische Besetzung der Geschlechter geben. 
Volt,5,Paritätische Besetzung von Führungspositionen,Bei Führungspositionen in der öffentlichen Verwaltung und den kommunalen Unternehmen von Darmstadt sollte es eine paritätische Besetzung der Geschlechter geben. 
WGD,2,Paritätische Besetzung von Führungspositionen,Bei Führungspositionen in der öffentlichen Verwaltung und den kommunalen Unternehmen von Darmstadt sollte es eine paritätische Besetzung der Geschlechter geben. 
Freie Wähler,2,Paritätische Besetzung von Führungspositionen,Bei Führungspositionen in der öffentlichen Verwaltung und den kommunalen Unternehmen von Darmstadt sollte es eine paritätische Besetzung der Geschlechter geben. 
FDP,5,Polizeipräsenz,Die Präsenz der Polizei im öffentlichen Raum in Darmstadt sollte erhöht werden. 
Linke,2,Polizeipräsenz,Die Präsenz der Polizei im öffentlichen Raum in Darmstadt sollte erhöht werden. 
CDU,5,Polizeipräsenz,Die Präsenz der Polizei im öffentlichen Raum in Darmstadt sollte erhöht werden. 
Tierschutzpartei,1,Polizeipräsenz,Die Präsenz der Polizei im öffentlichen Raum in Darmstadt sollte erhöht werden. 
DaGe,3,Polizeipräsenz,Die Präsenz der Polizei im öffentlichen Raum in Darmstadt sollte erhöht werden. 
Die Partei,1,Polizeipräsenz,Die Präsenz der Polizei im öffentlichen Raum in Darmstadt sollte erhöht werden. 
SfD,3,Polizeipräsenz,Die Präsenz der Polizei im öffentlichen Raum in Darmstadt sollte erhöht werden. 
Die Grünen,4,Polizeipräsenz,Die Präsenz der Polizei im öffentlichen Raum in Darmstadt sollte erhöht werden. 
AfD,5,Polizeipräsenz,Die Präsenz der Polizei im öffentlichen Raum in Darmstadt sollte erhöht werden. 
SPD,4,Polizeipräsenz,Die Präsenz der Polizei im öffentlichen Raum in Darmstadt sollte erhöht werden. 
BSW,1,Polizeipräsenz,Die Präsenz der Polizei im öffentlichen Raum in Darmstadt sollte erhöht werden. 
UFFBASSE,2,Polizeipräsenz,Die Präsenz der Polizei im öffentlichen Raum in Darmstadt sollte erhöht werden. 
Volt,2,Polizeipräsenz,Die Präsenz der Polizei im öffentlichen Raum in Darmstadt sollte erhöht werden. 
WGD,4,Polizeipräsenz,Die Präsenz der Polizei im öffentlichen Raum in Darmstadt sollte erhöht werden. 
Freie Wähler,5,Polizeipräsenz,Die Präsenz der Polizei im öffentlichen Raum in Darmstadt sollte erhöht werden. 
FDP,4,Projekte gegen Linksextremismus,Darmstadt sollte verstärkt Projekte gegen Linksextremismus fördern. 
Linke,1,Projekte gegen Linksextremismus,Darmstadt sollte verstärkt Projekte gegen Linksextremismus fördern. 
CDU,5,Projekte gegen Linksextremismus,Darmstadt sollte verstärkt Projekte gegen Linksextremismus fördern. 
Tierschutzpartei,3,Projekte gegen Linksextremismus,Darmstadt sollte verstärkt Projekte gegen Linksextremismus fördern. 
DaGe,4,Projekte gegen Linksextremismus,Darmstadt sollte verstärkt Projekte gegen Linksextremismus fördern. 
Die Partei,1,Projekte gegen Linksextremismus,Darmstadt sollte verstärkt Projekte gegen Linksextremismus fördern. 
SfD,4,Projekte gegen Linksextremismus,Darmstadt sollte verstärkt Projekte gegen Linksextremismus fördern. 
Die Grünen,2,Projekte gegen Linksextremismus,Darmstadt sollte verstärkt Projekte gegen Linksextremismus fördern. 
AfD,1,Projekte gegen Linksextremismus,Darmstadt sollte verstärkt Projekte gegen Linksextremismus fördern. 
SPD,4,Projekte gegen Linksextremismus,Darmstadt sollte verstärkt Projekte gegen Linksextremismus fördern. 
BSW,1,Projekte gegen Linksextremismus,Darmstadt sollte verstärkt Projekte gegen Linksextremismus fördern. 
UFFBASSE,1,Projekte gegen Linksextremismus,Darmstadt sollte verstärkt Projekte gegen Linksextremismus fördern. 
Volt,3,Projekte gegen Linksextremismus,Darmstadt sollte verstärkt Projekte gegen Linksextremismus fördern. 
WGD,4,Projekte gegen Linksextremismus,Darmstadt sollte verstärkt Projekte gegen Linksextremismus fördern. 
Freie Wähler,3,Projekte gegen Linksextremismus,Darmstadt sollte verstärkt Projekte gegen Linksextremismus fördern. 
FDP,4,Projekte gegen Rechtsextremismus,Darmstadt sollte verstärkt Projekte gegen Rechtsextremismus fördern. 
Linke,5,Projekte gegen Rechtsextremismus,Darmstadt sollte verstärkt Projekte gegen Rechtsextremismus fördern. 
CDU,5,Projekte gegen Rechtsextremismus,Darmstadt sollte verstärkt Projekte gegen Rechtsextremismus fördern. 
Tierschutzpartei,5,Projekte gegen Rechtsextremismus,Darmstadt sollte verstärkt Projekte gegen Rechtsextremismus fördern. 
DaGe,5,Projekte gegen Rechtsextremismus,Darmstadt sollte verstärkt Projekte gegen Rechtsextremismus fördern. 
Die Partei,5,Projekte gegen Rechtsextremismus,Darmstadt sollte verstärkt Projekte gegen Rechtsextremismus fördern. 
SfD,5,Projekte gegen Rechtsextremismus,Darmstadt sollte verstärkt Projekte gegen Rechtsextremismus fördern. 
Die Grünen,5,Projekte gegen Rechtsextremismus,Darmstadt sollte verstärkt Projekte gegen Rechtsextremismus fördern. 
AfD,1,Projekte gegen Rechtsextremismus,Darmstadt sollte verstärkt Projekte gegen Rechtsextremismus fördern. 
SPD,5,Projekte gegen Rechtsextremismus,Darmstadt sollte verstärkt Projekte gegen Rechtsextremismus fördern. 
BSW,5,Projekte gegen Rechtsextremismus,Darmstadt sollte verstärkt Projekte gegen Rechtsextremismus fördern. 
UFFBASSE,4,Projekte gegen Rechtsextremismus,Darmstadt sollte verstärkt Projekte gegen Rechtsextremismus fördern. 
Volt,5,Projekte gegen Rechtsextremismus,Darmstadt sollte verstärkt Projekte gegen Rechtsextremismus fördern. 
WGD,5,Projekte gegen Rechtsextremismus,Darmstadt sollte verstärkt Projekte gegen Rechtsextremismus fördern. 
Freie Wähler,3,Projekte gegen Rechtsextremismus,Darmstadt sollte verstärkt Projekte gegen Rechtsextremismus fördern. 
FDP,2,Prüfung von Klimafolgen,Der Klimaschutz sollte bei kommunalpolitischen Entscheidungen eine größere Bedeutung haben als wirtschaftliche Erwägungen. 
Linke,5,Prüfung von Klimafolgen,Der Klimaschutz sollte bei kommunalpolitischen Entscheidungen eine größere Bedeutung haben als wirtschaftliche Erwägungen. 
CDU,3,Prüfung von Klimafolgen,Der Klimaschutz sollte bei kommunalpolitischen Entscheidungen eine größere Bedeutung haben als wirtschaftliche Erwägungen. 
Tierschutzpartei,5,Prüfung von Klimafolgen,Der Klimaschutz sollte bei kommunalpolitischen Entscheidungen eine größere Bedeutung haben als wirtschaftliche Erwägungen. 
DaGe,3,Prüfung von Klimafolgen,Der Klimaschutz sollte bei kommunalpolitischen Entscheidungen eine größere Bedeutung haben als wirtschaftliche Erwägungen. 
Die Partei,5,Prüfung von Klimafolgen,Der Klimaschutz sollte bei kommunalpolitischen Entscheidungen eine größere Bedeutung haben als wirtschaftliche Erwägungen. 
SfD,4,Prüfung von Klimafolgen,Der Klimaschutz sollte bei kommunalpolitischen Entscheidungen eine größere Bedeutung haben als wirtschaftliche Erwägungen. 
Die Grünen,5,Prüfung von Klimafolgen,Der Klimaschutz sollte bei kommunalpolitischen Entscheidungen eine größere Bedeutung haben als wirtschaftliche Erwägungen. 
AfD,1,Prüfung von Klimafolgen,Der Klimaschutz sollte bei kommunalpolitischen Entscheidungen eine größere Bedeutung haben als wirtschaftliche Erwägungen. 
SPD,2,Prüfung von Klimafolgen,Der Klimaschutz sollte bei kommunalpolitischen Entscheidungen eine größere Bedeutung haben als wirtschaftliche Erwägungen. 
BSW,4,Prüfung von Klimafolgen,Der Klimaschutz sollte bei kommunalpolitischen Entscheidungen eine größere Bedeutung haben als wirtschaftliche Erwägungen. 
UFFBASSE,4,Prüfung von Klimafolgen,Der Klimaschutz sollte bei kommunalpolitischen Entscheidungen eine größere Bedeutung haben als wirtschaftliche Erwägungen. 
Volt,5,Prüfung von Klimafolgen,Der Klimaschutz sollte bei kommunalpolitischen Entscheidungen eine größere Bedeutung haben als wirtschaftliche Erwägungen. 
WGD,4,Prüfung von Klimafolgen,Der Klimaschutz sollte bei kommunalpolitischen Entscheidungen eine größere Bedeutung haben als wirtschaftliche Erwägungen. 
Freie Wähler,5,Prüfung von Klimafolgen,Der Klimaschutz sollte bei kommunalpolitischen Entscheidungen eine größere Bedeutung haben als wirtschaftliche Erwägungen. 
FDP,5,Sparen,Darmstadt sollte mehr sparen. 
Linke,1,Sparen,Darmstadt sollte mehr sparen. 
CDU,4,Sparen,Darmstadt sollte mehr sparen. 
Tierschutzpartei,3,Sparen,Darmstadt sollte mehr sparen. 
DaGe,5,Sparen,Darmstadt sollte mehr sparen. 
Die Partei,1,Sparen,Darmstadt sollte mehr sparen. 
SfD,5,Sparen,Darmstadt sollte mehr sparen. 
Die Grünen,4,Sparen,Darmstadt sollte mehr sparen. 
AfD,5,Sparen,Darmstadt sollte mehr sparen. 
SPD,3,Sparen,Darmstadt sollte mehr sparen. 
BSW,1,Sparen,Darmstadt sollte mehr sparen. 
UFFBASSE,4,Sparen,Darmstadt sollte mehr sparen. 
Volt,2,Sparen,Darmstadt sollte mehr sparen. 
WGD,4,Sparen,Darmstadt sollte mehr sparen. 
Freie Wähler,5,Sparen,Darmstadt sollte mehr sparen. 
FDP,5,Städtische Beleuchtung,Die Innenstadt und der Herrngarten sollten nachts besser beleuchtet werden. 
Linke,5,Städtische Beleuchtung,Die Innenstadt und der Herrngarten sollten nachts besser beleuchtet werden. 
CDU,5,Städtische Beleuchtung,Die Innenstadt und der Herrngarten sollten nachts besser beleuchtet werden. 
Tierschutzpartei,1,Städtische Beleuchtung,Die Innenstadt und der Herrngarten sollten nachts besser beleuchtet werden. 
DaGe,4,Städtische Beleuchtung,Die Innenstadt und der Herrngarten sollten nachts besser beleuchtet werden. 
Die Partei,3,Städtische Beleuchtung,Die Innenstadt und der Herrngarten sollten nachts besser beleuchtet werden. 
SfD,5,Städtische Beleuchtung,Die Innenstadt und der Herrngarten sollten nachts besser beleuchtet werden. 
Die Grünen,4,Städtische Beleuchtung,Die Innenstadt und der Herrngarten sollten nachts besser beleuchtet werden. 
AfD,5,Städtische Beleuchtung,Die Innenstadt und der Herrngarten sollten nachts besser beleuchtet werden. 
SPD,4,Städtische Beleuchtung,Die Innenstadt und der Herrngarten sollten nachts besser beleuchtet werden. 
BSW,1,Städtische Beleuchtung,Die Innenstadt und der Herrngarten sollten nachts besser beleuchtet werden. 
UFFBASSE,4,Städtische Beleuchtung,Die Innenstadt und der Herrngarten sollten nachts besser beleuchtet werden. 
Volt,4,Städtische Beleuchtung,Die Innenstadt und der Herrngarten sollten nachts besser beleuchtet werden. 
WGD,4,Städtische Beleuchtung,Die Innenstadt und der Herrngarten sollten nachts besser beleuchtet werden. 
Freie Wähler,2,Städtische Beleuchtung,Die Innenstadt und der Herrngarten sollten nachts besser beleuchtet werden. 
FDP,3,Städtisches WLAN,"In Darmstadt sollte es flächendeckend ein kostenfreies städtisches WLAN geben, auch im ÖPNV. "
Linke,4,Städtisches WLAN,"In Darmstadt sollte es flächendeckend ein kostenfreies städtisches WLAN geben, auch im ÖPNV. "
CDU,1,Städtisches WLAN,"In Darmstadt sollte es flächendeckend ein kostenfreies städtisches WLAN geben, auch im ÖPNV. "
Tierschutzpartei,5,Städtisches WLAN,"In Darmstadt sollte es flächendeckend ein kostenfreies städtisches WLAN geben, auch im ÖPNV. "
DaGe,5,Städtisches WLAN,"In Darmstadt sollte es flächendeckend ein kostenfreies städtisches WLAN geben, auch im ÖPNV. "
Die Partei,5,Städtisches WLAN,"In Darmstadt sollte es flächendeckend ein kostenfreies städtisches WLAN geben, auch im ÖPNV. "
SfD,2,Städtisches WLAN,"In Darmstadt sollte es flächendeckend ein kostenfreies städtisches WLAN geben, auch im ÖPNV. "
Die Grünen,5,Städtisches WLAN,"In Darmstadt sollte es flächendeckend ein kostenfreies städtisches WLAN geben, auch im ÖPNV. "
AfD,1,Städtisches WLAN,"In Darmstadt sollte es flächendeckend ein kostenfreies städtisches WLAN geben, auch im ÖPNV. "
SPD,2,Städtisches WLAN,"In Darmstadt sollte es flächendeckend ein kostenfreies städtisches WLAN geben, auch im ÖPNV. "
BSW,5,Städtisches WLAN,"In Darmstadt sollte es flächendeckend ein kostenfreies städtisches WLAN geben, auch im ÖPNV. "
UFFBASSE,2,Städtisches WLAN,"In Darmstadt sollte es flächendeckend ein kostenfreies städtisches WLAN geben, auch im ÖPNV. "
Volt,5,Städtisches WLAN,"In Darmstadt sollte es flächendeckend ein kostenfreies städtisches WLAN geben, auch im ÖPNV. "
WGD,2,Städtisches WLAN,"In Darmstadt sollte es flächendeckend ein kostenfreies städtisches WLAN geben, auch im ÖPNV. "
Freie Wähler,5,Städtisches WLAN,"In Darmstadt sollte es flächendeckend ein kostenfreies städtisches WLAN geben, auch im ÖPNV. "
FDP,4,Tempo-30-Zonen,In Darmstadt gibt es bereits genug Tempo-30-Zonen. 
Linke,1,Tempo-30-Zonen,In Darmstadt gibt es bereits genug Tempo-30-Zonen. 
CDU,3,Tempo-30-Zonen,In Darmstadt gibt es bereits genug Tempo-30-Zonen. 
Tierschutzpartei,2,Tempo-30-Zonen,In Darmstadt gibt es bereits genug Tempo-30-Zonen. 
DaGe,3,Tempo-30-Zonen,In Darmstadt gibt es bereits genug Tempo-30-Zonen. 
Die Partei,1,Tempo-30-Zonen,In Darmstadt gibt es bereits genug Tempo-30-Zonen. 
SfD,5,Tempo-30-Zonen,In Darmstadt gibt es bereits genug Tempo-30-Zonen. 
Die Grünen,1,Tempo-30-Zonen,In Darmstadt gibt es bereits genug Tempo-30-Zonen. 
AfD,5,Tempo-30-Zonen,In Darmstadt gibt es bereits genug Tempo-30-Zonen. 
SPD,3,Tempo-30-Zonen,In Darmstadt gibt es bereits genug Tempo-30-Zonen. 
BSW,5,Tempo-30-Zonen,In Darmstadt gibt es bereits genug Tempo-30-Zonen. 
UFFBASSE,3,Tempo-30-Zonen,In Darmstadt gibt es bereits genug Tempo-30-Zonen. 
Volt,1,Tempo-30-Zonen,In Darmstadt gibt es bereits genug Tempo-30-Zonen. 
WGD,3,Tempo-30-Zonen,In Darmstadt gibt es bereits genug Tempo-30-Zonen. 
Freie Wähler,4,Tempo-30-Zonen,In Darmstadt gibt es bereits genug Tempo-30-Zonen. 
FDP,4,Treffpunkte für Jugendliche,Im Stadtgebiet sollte es mehr überdachte Treffpunkte für Jugendliche geben. 
Linke,5,Treffpunkte für Jugendliche,Im Stadtgebiet sollte es mehr überdachte Treffpunkte für Jugendliche geben. 
CDU,5,Treffpunkte für Jugendliche,Im Stadtgebiet sollte es mehr überdachte Treffpunkte für Jugendliche geben. 
Tierschutzpartei,4,Treffpunkte für Jugendliche,Im Stadtgebiet sollte es mehr überdachte Treffpunkte für Jugendliche geben. 
DaGe,5,Treffpunkte für Jugendliche,Im Stadtgebiet sollte es mehr überdachte Treffpunkte für Jugendliche geben. 
Die Partei,5,Treffpunkte für Jugendliche,Im Stadtgebiet sollte es mehr überdachte Treffpunkte für Jugendliche geben. 
SfD,3,Treffpunkte für Jugendliche,Im Stadtgebiet sollte es mehr überdachte Treffpunkte für Jugendliche geben. 
Die Grünen,5,Treffpunkte für Jugendliche,Im Stadtgebiet sollte es mehr überdachte Treffpunkte für Jugendliche geben. 
AfD,1,Treffpunkte für Jugendliche,Im Stadtgebiet sollte es mehr überdachte Treffpunkte für Jugendliche geben. 
SPD,4,Treffpunkte für Jugendliche,Im Stadtgebiet sollte es mehr überdachte Treffpunkte für Jugendliche geben. 
BSW,4,Treffpunkte für Jugendliche,Im Stadtgebiet sollte es mehr überdachte Treffpunkte für Jugendliche geben. 
UFFBASSE,5,Treffpunkte für Jugendliche,Im Stadtgebiet sollte es mehr überdachte Treffpunkte für Jugendliche geben. 
Volt,5,Treffpunkte für Jugendliche,Im Stadtgebiet sollte es mehr überdachte Treffpunkte für Jugendliche geben. 
WGD,5,Treffpunkte für Jugendliche,Im Stadtgebiet sollte es mehr überdachte Treffpunkte für Jugendliche geben. 
Freie Wähler,5,Treffpunkte für Jugendliche,Im Stadtgebiet sollte es mehr überdachte Treffpunkte für Jugendliche geben. 
FDP,5,Umgestaltung des Kauhof-Gebäudes,Die Stadt sollte den ehemaligen Kaufhof erwerben und zu einem Bürgerzentrum umbauen. 
Linke,5,Umgestaltung des Kauhof-Gebäudes,Die Stadt sollte den ehemaligen Kaufhof erwerben und zu einem Bürgerzentrum umbauen. 
CDU,1,Umgestaltung des Kauhof-Gebäudes,Die Stadt sollte den ehemaligen Kaufhof erwerben und zu einem Bürgerzentrum umbauen. 
Tierschutzpartei,4,Umgestaltung des Kauhof-Gebäudes,Die Stadt sollte den ehemaligen Kaufhof erwerben und zu einem Bürgerzentrum umbauen. 
DaGe,5,Umgestaltung des Kauhof-Gebäudes,Die Stadt sollte den ehemaligen Kaufhof erwerben und zu einem Bürgerzentrum umbauen. 
Die Partei,4,Umgestaltung des Kauhof-Gebäudes,Die Stadt sollte den ehemaligen Kaufhof erwerben und zu einem Bürgerzentrum umbauen. 
SfD,1,Umgestaltung des Kauhof-Gebäudes,Die Stadt sollte den ehemaligen Kaufhof erwerben und zu einem Bürgerzentrum umbauen. 
Die Grünen,4,Umgestaltung des Kauhof-Gebäudes,Die Stadt sollte den ehemaligen Kaufhof erwerben und zu einem Bürgerzentrum umbauen. 
AfD,1,Umgestaltung des Kauhof-Gebäudes,Die Stadt sollte den ehemaligen Kaufhof erwerben und zu einem Bürgerzentrum umbauen. 
SPD,3,Umgestaltung des Kauhof-Gebäudes,Die Stadt sollte den ehemaligen Kaufhof erwerben und zu einem Bürgerzentrum umbauen. 
BSW,5,Umgestaltung des Kauhof-Gebäudes,Die Stadt sollte den ehemaligen Kaufhof erwerben und zu einem Bürgerzentrum umbauen. 
UFFBASSE,2,Umgestaltung des Kauhof-Gebäudes,Die Stadt sollte den ehemaligen Kaufhof erwerben und zu einem Bürgerzentrum umbauen. 
Volt,5,Umgestaltung des Kauhof-Gebäudes,Die Stadt sollte den ehemaligen Kaufhof erwerben und zu einem Bürgerzentrum umbauen. 
WGD,4,Umgestaltung des Kauhof-Gebäudes,Die Stadt sollte den ehemaligen Kaufhof erwerben und zu einem Bürgerzentrum umbauen. 
Freie Wähler,2,Umgestaltung des Kauhof-Gebäudes,Die Stadt sollte den ehemaligen Kaufhof erwerben und zu einem Bürgerzentrum umbauen. 
FDP,4,Videoüberwachung,Wichtige Plätze und Straßen in Darmstadt sollten videoüberwacht sein. 
Linke,1,Videoüberwachung,Wichtige Plätze und Straßen in Darmstadt sollten videoüberwacht sein. 
CDU,5,Videoüberwachung,Wichtige Plätze und Straßen in Darmstadt sollten videoüberwacht sein. 
Tierschutzpartei,1,Videoüberwachung,Wichtige Plätze und Straßen in Darmstadt sollten videoüberwacht sein. 
DaGe,2,Videoüberwachung,Wichtige Plätze und Straßen in Darmstadt sollten videoüberwacht sein. 
Die Partei,1,Videoüberwachung,Wichtige Plätze und Straßen in Darmstadt sollten videoüberwacht sein. 
SfD,4,Videoüberwachung,Wichtige Plätze und Straßen in Darmstadt sollten videoüberwacht sein. 
Die Grünen,2,Videoüberwachung,Wichtige Plätze und Straßen in Darmstadt sollten videoüberwacht sein. 
AfD,5,Videoüberwachung,Wichtige Plätze und Straßen in Darmstadt sollten videoüberwacht sein. 
SPD,3,Videoüberwachung,Wichtige Plätze und Straßen in Darmstadt sollten videoüberwacht sein. 
BSW,1,Videoüberwachung,Wichtige Plätze und Straßen in Darmstadt sollten videoüberwacht sein. 
UFFBASSE,1,Videoüberwachung,Wichtige Plätze und Straßen in Darmstadt sollten videoüberwacht sein. 
Volt,2,Videoüberwachung,Wichtige Plätze und Straßen in Darmstadt sollten videoüberwacht sein. 
WGD,3,Videoüberwachung,Wichtige Plätze und Straßen in Darmstadt sollten videoüberwacht sein. 
Freie Wähler,5,Videoüberwachung,Wichtige Plätze und Straßen in Darmstadt sollten videoüberwacht sein. 
FDP,5,Wahlalter zur Kommunalwahl,Das Mindestalter bei Kommunalwahlen sollte auf 16 Jahre gesenkt werden. 
Linke,5,Wahlalter zur Kommunalwahl,Das Mindestalter bei Kommunalwahlen sollte auf 16 Jahre gesenkt werden. 
CDU,1,Wahlalter zur Kommunalwahl,Das Mindestalter bei Kommunalwahlen sollte auf 16 Jahre gesenkt werden. 
Tierschutzpartei,5,Wahlalter zur Kommunalwahl,Das Mindestalter bei Kommunalwahlen sollte auf 16 Jahre gesenkt werden. 
DaGe,5,Wahlalter zur Kommunalwahl,Das Mindestalter bei Kommunalwahlen sollte auf 16 Jahre gesenkt werden. 
Die Partei,5,Wahlalter zur Kommunalwahl,Das Mindestalter bei Kommunalwahlen sollte auf 16 Jahre gesenkt werden. 
SfD,5,Wahlalter zur Kommunalwahl,Das Mindestalter bei Kommunalwahlen sollte auf 16 Jahre gesenkt werden. 
Die Grünen,5,Wahlalter zur Kommunalwahl,Das Mindestalter bei Kommunalwahlen sollte auf 16 Jahre gesenkt werden. 
AfD,1,Wahlalter zur Kommunalwahl,Das Mindestalter bei Kommunalwahlen sollte auf 16 Jahre gesenkt werden. 
SPD,5,Wahlalter zur Kommunalwahl,Das Mindestalter bei Kommunalwahlen sollte auf 16 Jahre gesenkt werden. 
BSW,4,Wahlalter zur Kommunalwahl,Das Mindestalter bei Kommunalwahlen sollte auf 16 Jahre gesenkt werden. 
UFFBASSE,5,Wahlalter zur Kommunalwahl,Das Mindestalter bei Kommunalwahlen sollte auf 16 Jahre gesenkt werden. 
Volt,5,Wahlalter zur Kommunalwahl,Das Mindestalter bei Kommunalwahlen sollte auf 16 Jahre gesenkt werden. 
WGD,3,Wahlalter zur Kommunalwahl,Das Mindestalter bei Kommunalwahlen sollte auf 16 Jahre gesenkt werden. 
Freie Wähler,1,Wahlalter zur Kommunalwahl,Das Mindestalter bei Kommunalwahlen sollte auf 16 Jahre gesenkt werden. 
FDP,1,Wahlrecht für Nicht-EU-Ausländer,Hier lebende Nicht-EU-Ausländer sollten das Wahlrecht zur Kommunalwahl erhalten. 
Linke,5,Wahlrecht für Nicht-EU-Ausländer,Hier lebende Nicht-EU-Ausländer sollten das Wahlrecht zur Kommunalwahl erhalten. 
CDU,1,Wahlrecht für Nicht-EU-Ausländer,Hier lebende Nicht-EU-Ausländer sollten das Wahlrecht zur Kommunalwahl erhalten. 
Tierschutzpartei,5,Wahlrecht für Nicht-EU-Ausländer,Hier lebende Nicht-EU-Ausländer sollten das Wahlrecht zur Kommunalwahl erhalten. 
DaGe,5,Wahlrecht für Nicht-EU-Ausländer,Hier lebende Nicht-EU-Ausländer sollten das Wahlrecht zur Kommunalwahl erhalten. 
Die Partei,5,Wahlrecht für Nicht-EU-Ausländer,Hier lebende Nicht-EU-Ausländer sollten das Wahlrecht zur Kommunalwahl erhalten. 
SfD,5,Wahlrecht für Nicht-EU-Ausländer,Hier lebende Nicht-EU-Ausländer sollten das Wahlrecht zur Kommunalwahl erhalten. 
Die Grünen,5,Wahlrecht für Nicht-EU-Ausländer,Hier lebende Nicht-EU-Ausländer sollten das Wahlrecht zur Kommunalwahl erhalten. 
AfD,1,Wahlrecht für Nicht-EU-Ausländer,Hier lebende Nicht-EU-Ausländer sollten das Wahlrecht zur Kommunalwahl erhalten. 
SPD,5,Wahlrecht für Nicht-EU-Ausländer,Hier lebende Nicht-EU-Ausländer sollten das Wahlrecht zur Kommunalwahl erhalten. 
BSW,3,Wahlrecht für Nicht-EU-Ausländer,Hier lebende Nicht-EU-Ausländer sollten das Wahlrecht zur Kommunalwahl erhalten. 
UFFBASSE,2,Wahlrecht für Nicht-EU-Ausländer,Hier lebende Nicht-EU-Ausländer sollten das Wahlrecht zur Kommunalwahl erhalten. 
Volt,5,Wahlrecht für Nicht-EU-Ausländer,Hier lebende Nicht-EU-Ausländer sollten das Wahlrecht zur Kommunalwahl erhalten. 
WGD,3,Wahlrecht für Nicht-EU-Ausländer,Hier lebende Nicht-EU-Ausländer sollten das Wahlrecht zur Kommunalwahl erhalten. 
Freie Wähler,4,Wahlrecht für Nicht-EU-Ausländer,Hier lebende Nicht-EU-Ausländer sollten das Wahlrecht zur Kommunalwahl erhalten. 
FDP,2,Wahlsystem zur Kommunalwahl,Das Wahlsystem zur Kommunalwahl mit Kumulieren und Panaschieren ist zu kompliziert.  
Linke,3,Wahlsystem zur Kommunalwahl,Das Wahlsystem zur Kommunalwahl mit Kumulieren und Panaschieren ist zu kompliziert.  
CDU,2,Wahlsystem zur Kommunalwahl,Das Wahlsystem zur Kommunalwahl mit Kumulieren und Panaschieren ist zu kompliziert.  
Tierschutzpartei,1,Wahlsystem zur Kommunalwahl,Das Wahlsystem zur Kommunalwahl mit Kumulieren und Panaschieren ist zu kompliziert.  
DaGe,3,Wahlsystem zur Kommunalwahl,Das Wahlsystem zur Kommunalwahl mit Kumulieren und Panaschieren ist zu kompliziert.  
Die Partei,5,Wahlsystem zur Kommunalwahl,Das Wahlsystem zur Kommunalwahl mit Kumulieren und Panaschieren ist zu kompliziert.  
SfD,1,Wahlsystem zur Kommunalwahl,Das Wahlsystem zur Kommunalwahl mit Kumulieren und Panaschieren ist zu kompliziert.  
Die Grünen,2,Wahlsystem zur Kommunalwahl,Das Wahlsystem zur Kommunalwahl mit Kumulieren und Panaschieren ist zu kompliziert.  
AfD,5,Wahlsystem zur Kommunalwahl,Das Wahlsystem zur Kommunalwahl mit Kumulieren und Panaschieren ist zu kompliziert.  
SPD,2,Wahlsystem zur Kommunalwahl,Das Wahlsystem zur Kommunalwahl mit Kumulieren und Panaschieren ist zu kompliziert.  
BSW,2,Wahlsystem zur Kommunalwahl,Das Wahlsystem zur Kommunalwahl mit Kumulieren und Panaschieren ist zu kompliziert.  
UFFBASSE,2,Wahlsystem zur Kommunalwahl,Das Wahlsystem zur Kommunalwahl mit Kumulieren und Panaschieren ist zu kompliziert.  
Volt,2,Wahlsystem zur Kommunalwahl,Das Wahlsystem zur Kommunalwahl mit Kumulieren und Panaschieren ist zu kompliziert.  
WGD,2,Wahlsystem zur Kommunalwahl,Das Wahlsystem zur Kommunalwahl mit Kumulieren und Panaschieren ist zu kompliziert.  
Freie Wähler,5,Wahlsystem zur Kommunalwahl,Das Wahlsystem zur Kommunalwahl mit Kumulieren und Panaschieren ist zu kompliziert.  
FDP,3,Wochenend- und Nacht-Fahrpläne,"Die Buslinien in die Randgebiete (F, R, H) sollten nachts und am Wochenende häufiger fahren. "
Linke,5,Wochenend- und Nacht-Fahrpläne,"Die Buslinien in die Randgebiete (F, R, H) sollten nachts und am Wochenende häufiger fahren. "
CDU,2,Wochenend- und Nacht-Fahrpläne,"Die Buslinien in die Randgebiete (F, R, H) sollten nachts und am Wochenende häufiger fahren. "
Tierschutzpartei,5,Wochenend- und Nacht-Fahrpläne,"Die Buslinien in die Randgebiete (F, R, H) sollten nachts und am Wochenende häufiger fahren. "
DaGe,5,Wochenend- und Nacht-Fahrpläne,"Die Buslinien in die Randgebiete (F, R, H) sollten nachts und am Wochenende häufiger fahren. "
Die Partei,5,Wochenend- und Nacht-Fahrpläne,"Die Buslinien in die Randgebiete (F, R, H) sollten nachts und am Wochenende häufiger fahren. "
SfD,3,Wochenend- und Nacht-Fahrpläne,"Die Buslinien in die Randgebiete (F, R, H) sollten nachts und am Wochenende häufiger fahren. "
Die Grünen,5,Wochenend- und Nacht-Fahrpläne,"Die Buslinien in die Randgebiete (F, R, H) sollten nachts und am Wochenende häufiger fahren. "
AfD,1,Wochenend- und Nacht-Fahrpläne,"Die Buslinien in die Randgebiete (F, R, H) sollten nachts und am Wochenende häufiger fahren. "
SPD,4,Wochenend- und Nacht-Fahrpläne,"Die Buslinien in die Randgebiete (F, R, H) sollten nachts und am Wochenende häufiger fahren. "
BSW,5,Wochenend- und Nacht-Fahrpläne,"Die Buslinien in die Randgebiete (F, R, H) sollten nachts und am Wochenende häufiger fahren. "
UFFBASSE,4,Wochenend- und Nacht-Fahrpläne,"Die Buslinien in die Randgebiete (F, R, H) sollten nachts und am Wochenende häufiger fahren. "
Volt,5,Wochenend- und Nacht-Fahrpläne,"Die Buslinien in die Randgebiete (F, R, H) sollten nachts und am Wochenende häufiger fahren. "
WGD,4,Wochenend- und Nacht-Fahrpläne,"Die Buslinien in die Randgebiete (F, R, H) sollten nachts und am Wochenende häufiger fahren. "
Freie Wähler,4,Wochenend- und Nacht-Fahrpläne,"Die Buslinien in die Randgebiete (F, R, H) sollten nachts und am Wochenende häufiger fahren. "
FDP,3,Wohnraum für Geringverdiener,In Darmstadt sollten mehr Wohnungen für Menschen mit geringem Einkommen ausgewiesen werden. 
Linke,5,Wohnraum für Geringverdiener,In Darmstadt sollten mehr Wohnungen für Menschen mit geringem Einkommen ausgewiesen werden. 
CDU,3,Wohnraum für Geringverdiener,In Darmstadt sollten mehr Wohnungen für Menschen mit geringem Einkommen ausgewiesen werden. 
Tierschutzpartei,5,Wohnraum für Geringverdiener,In Darmstadt sollten mehr Wohnungen für Menschen mit geringem Einkommen ausgewiesen werden. 
DaGe,5,Wohnraum für Geringverdiener,In Darmstadt sollten mehr Wohnungen für Menschen mit geringem Einkommen ausgewiesen werden. 
Die Partei,5,Wohnraum für Geringverdiener,In Darmstadt sollten mehr Wohnungen für Menschen mit geringem Einkommen ausgewiesen werden. 
SfD,5,Wohnraum für Geringverdiener,In Darmstadt sollten mehr Wohnungen für Menschen mit geringem Einkommen ausgewiesen werden. 
Die Grünen,5,Wohnraum für Geringverdiener,In Darmstadt sollten mehr Wohnungen für Menschen mit geringem Einkommen ausgewiesen werden. 
AfD,2,Wohnraum für Geringverdiener,In Darmstadt sollten mehr Wohnungen für Menschen mit geringem Einkommen ausgewiesen werden. 
SPD,4,Wohnraum für Geringverdiener,In Darmstadt sollten mehr Wohnungen für Menschen mit geringem Einkommen ausgewiesen werden. 
BSW,5,Wohnraum für Geringverdiener,In Darmstadt sollten mehr Wohnungen für Menschen mit geringem Einkommen ausgewiesen werden. 
UFFBASSE,5,Wohnraum für Geringverdiener,In Darmstadt sollten mehr Wohnungen für Menschen mit geringem Einkommen ausgewiesen werden. 
Volt,5,Wohnraum für Geringverdiener,In Darmstadt sollten mehr Wohnungen für Menschen mit geringem Einkommen ausgewiesen werden. 
WGD,5,Wohnraum für Geringverdiener,In Darmstadt sollten mehr Wohnungen für Menschen mit geringem Einkommen ausgewiesen werden. 
Freie Wähler,5,Wohnraum für Geringverdiener,In Darmstadt sollten mehr Wohnungen für Menschen mit geringem Einkommen ausgewiesen werden. 
